Year,Month,IOD_Index
1870,Jan,-0.438
1870,Feb,-0.336
1870,Mar,0.177
1870,Apr,-0.048
1870,May,-0.48
1870,Jun,-0.548
1870,Jul,-0.65
1870,Aug,-0.522
1870,Sep,-0.728
1870,Oct,-0.636
1870,Nov,-0.401
1870,Dec,-0.375
1871,Jan,-0.273
1871,Feb,-0.17
1871,Mar,-0.212
1871,Apr,-0.148
1871,May,-0.115
1871,Jun,-0.163
1871,Jul,-0.444
1871,Aug,-0.375
1871,Sep,-0.336
1871,Oct,-0.527
1871,Nov,-0.217
1871,Dec,-0.228
1872,Jan,-0.037
1872,Feb,0.041
1872,Mar,-0.076
1872,Apr,-0.084
1872,May,-0.148
1872,Jun,-0.084
1872,Jul,-0.285
1872,Aug,-0.325
1872,Sep,-0.333
1872,Oct,-0.27
1872,Nov,-0.106
1872,Dec,-0.111
1873,Jan,0.062
1873,Feb,-0.319
1873,Mar,-0.404
1873,Apr,-0.272
1873,May,-0.411
1873,Jun,-0.587
1873,Jul,-0.689
1873,Aug,-0.8
1873,Sep,-0.694
1873,Oct,-0.479
1873,Nov,-0.353
1873,Dec,-0.303
1874,Jan,-0.381
1874,Feb,-0.388
1874,Mar,-0.586
1874,Apr,-0.754
1874,May,-0.441
1874,Jun,-0.465
1874,Jul,-0.338
1874,Aug,-0.345
1874,Sep,-0.814
1874,Oct,-1.158
1874,Nov,-0.603
1874,Dec,-0.79
1875,Jan,-0.45
1875,Feb,-0.186
1875,Mar,-0.098
1875,Apr,0.029
1875,May,-0.134
1875,Jun,-0.094
1875,Jul,-0.511
1875,Aug,-0.248
1875,Sep,-0.397
1875,Oct,-0.658
1875,Nov,-0.891
1875,Dec,-0.46
1876,Jan,-0.361
1876,Feb,-0.504
1876,Mar,-0.402
1876,Apr,-0.476
1876,May,-0.471
1876,Jun,-0.424
1876,Jul,-0.391
1876,Aug,-0.267
1876,Sep,-0.079
1876,Oct,-0.213
1876,Nov,-0.358
1876,Dec,-0.297
1877,Jan,-0.311
1877,Feb,0.367
1877,Mar,0.13
1877,Apr,-0.28
1877,May,-0.684
1877,Jun,-0.49
1877,Jul,-0.588
1877,Aug,0.214
1877,Sep,0.52
1877,Oct,0.417
1877,Nov,0.558
1877,Dec,0.154
1878,Jan,-0.261
1878,Feb,-0.398
1878,Mar,-0.016
1878,Apr,-0.085
1878,May,-0.355
1878,Jun,-0.311
1878,Jul,-0.383
1878,Aug,-0.272
1878,Sep,-0.208
1878,Oct,-0.674
1878,Nov,-0.461
1878,Dec,-0.47
1879,Jan,-0.429
1879,Feb,-0.417
1879,Mar,-0.453
1879,Apr,-0.541
1879,May,-0.513
1879,Jun,-0.274
1879,Jul,-0.374
1879,Aug,-0.64
1879,Sep,-0.591
1879,Oct,-0.789
1879,Nov,-0.761
1879,Dec,-0.606
1880,Jan,-0.463
1880,Feb,-0.262
1880,Mar,-0.327
1880,Apr,0.002
1880,May,-0.14
1880,Jun,-0.299
1880,Jul,-0.528
1880,Aug,-0.586
1880,Sep,-0.574
1880,Oct,-0.755
1880,Nov,-0.553
1880,Dec,-0.348
1881,Jan,-0.174
1881,Feb,-0.507
1881,Mar,-0.349
1881,Apr,-0.45
1881,May,-0.14
1881,Jun,0.18
1881,Jul,-0.116
1881,Aug,-0.077
1881,Sep,-0.299
1881,Oct,-0.462
1881,Nov,-0.376
1881,Dec,-0.496
1882,Jan,-0.557
1882,Feb,-0.68
1882,Mar,-0.149
1882,Apr,-0.134
1882,May,-0.068
1882,Jun,-0.071
1882,Jul,-0.233
1882,Aug,-0.497
1882,Sep,-0.652
1882,Oct,-0.51
1882,Nov,-0.377
1882,Dec,-0.431
1883,Jan,-0.705
1883,Feb,-0.207
1883,Mar,-0.303
1883,Apr,-0.126
1883,May,-0.19
1883,Jun,-0.084
1883,Jul,-0.288
1883,Aug,-0.124
1883,Sep,-0.502
1883,Oct,-0.348
1883,Nov,-0.36
1883,Dec,-0.325
1884,Jan,-0.408
1884,Feb,-0.183
1884,Mar,-0.312
1884,Apr,0.075
1884,May,0.249
1884,Jun,-0.203
1884,Jul,-0.003
1884,Aug,-0.306
1884,Sep,-0.471
1884,Oct,-0.368
1884,Nov,-0.474
1884,Dec,-0.417
1885,Jan,-0.463
1885,Feb,-0.09
1885,Mar,-0.169
1885,Apr,-0.198
1885,May,-0.199
1885,Jun,-0.13
1885,Jul,-0.218
1885,Aug,-0.23
1885,Sep,-0.351
1885,Oct,-0.218
1885,Nov,-0.475
1885,Dec,-0.385
1886,Jan,-0.614
1886,Feb,-0.766
1886,Mar,-0.455
1886,Apr,-0.282
1886,May,-0.445
1886,Jun,-0.347
1886,Jul,-0.725
1886,Aug,-0.918
1886,Sep,-0.988
1886,Oct,-0.897
1886,Nov,-0.684
1886,Dec,-0.56
1887,Jan,-0.459
1887,Feb,-0.389
1887,Mar,-0.282
1887,Apr,-0.258
1887,May,-0.291
1887,Jun,-0.171
1887,Jul,-0.232
1887,Aug,-0.009
1887,Sep,-0.285
1887,Oct,-0.517
1887,Nov,-0.289
1887,Dec,-0.295
1888,Jan,-0.34
1888,Feb,-0.603
1888,Mar,-0.733
1888,Apr,-0.862
1888,May,-0.504
1888,Jun,-0.424
1888,Jul,-0.449
1888,Aug,-0.37
1888,Sep,-0.526
1888,Oct,-0.436
1888,Nov,-0.553
1888,Dec,-0.452
1889,Jan,-0.663
1889,Feb,-0.246
1889,Mar,-0.653
1889,Apr,-0.818
1889,May,-0.664
1889,Jun,-0.562
1889,Jul,-0.516
1889,Aug,-0.664
1889,Sep,-0.912
1889,Oct,-1.139
1889,Nov,-0.87
1889,Dec,-0.41
1890,Jan,-0.105
1890,Feb,-0.066
1890,Mar,-0.198
1890,Apr,-0.202
1890,May,-0.336
1890,Jun,-0.769
1890,Jul,-0.917
1890,Aug,-0.706
1890,Sep,-1.091
1890,Oct,-1.167
1890,Nov,-0.906
1890,Dec,-0.583
1891,Jan,-0.319
1891,Feb,-0.573
1891,Mar,-0.612
1891,Apr,-0.286
1891,May,-0.325
1891,Jun,-0.1
1891,Jul,-0.302
1891,Aug,-0.006
1891,Sep,-0.068
1891,Oct,-0.117
1891,Nov,-0.13
1891,Dec,0.068
1892,Jan,-0.233
1892,Feb,-0.323
1892,Mar,-0.208
1892,Apr,-0.318
1892,May,-0.286
1892,Jun,-0.486
1892,Jul,-0.659
1892,Aug,-1.041
1892,Sep,-1.181
1892,Oct,-0.815
1892,Nov,-0.454
1892,Dec,-0.496
1893,Jan,-0.446
1893,Feb,-0.469
1893,Mar,-0.413
1893,Apr,-0.583
1893,May,-0.523
1893,Jun,-0.527
1893,Jul,-0.549
1893,Aug,-0.757
1893,Sep,-0.692
1893,Oct,-0.796
1893,Nov,-0.518
1893,Dec,-0.364
1894,Jan,-0.077
1894,Feb,-0.261
1894,Mar,-0.263
1894,Apr,-0.316
1894,May,-0.213
1894,Jun,-0.095
1894,Jul,-0.179
1894,Aug,0.125
1894,Sep,-0.329
1894,Oct,-0.326
1894,Nov,-0.276
1894,Dec,-0.251
1895,Jan,-0.183
1895,Feb,-0.057
1895,Mar,-0.108
1895,Apr,-0.177
1895,May,-0.157
1895,Jun,-0.105
1895,Jul,-0.411
1895,Aug,-0.071
1895,Sep,-0.306
1895,Oct,-0.155
1895,Nov,-0.481
1895,Dec,-0.372
1896,Jan,-0.386
1896,Feb,-0.587
1896,Mar,-0.562
1896,Apr,-0.293
1896,May,-0.217
1896,Jun,-0.156
1896,Jul,-0.1
1896,Aug,-0.132
1896,Sep,-0.012
1896,Oct,0.302
1896,Nov,0.04
1896,Dec,0.097
1897,Jan,-0.184
1897,Feb,-0.314
1897,Mar,-0.284
1897,Apr,-0.177
1897,May,-0.184
1897,Jun,-0.252
1897,Jul,-0.245
1897,Aug,-0.221
1897,Sep,-0.56
1897,Oct,-1.125
1897,Nov,-0.904
1897,Dec,-0.744
1898,Jan,-0.549
1898,Feb,-0.445
1898,Mar,-0.331
1898,Apr,-0.378
1898,May,-0.494
1898,Jun,-0.432
1898,Jul,-0.823
1898,Aug,-0.819
1898,Sep,-0.889
1898,Oct,-0.916
1898,Nov,-0.661
1898,Dec,-0.473
1899,Jan,-0.419
1899,Feb,-0.293
1899,Mar,-0.176
1899,Apr,-0.129
1899,May,-0.091
1899,Jun,-0.375
1899,Jul,-0.573
1899,Aug,-0.452
1899,Sep,-0.934
1899,Oct,-0.428
1899,Nov,-0.438
1899,Dec,-0.743
1900,Jan,-0.469
1900,Feb,-0.293
1900,Mar,-0.464
1900,Apr,-0.319
1900,May,-0.159
1900,Jun,-0.042
1900,Jul,-0.319
1900,Aug,-0.49
1900,Sep,-0.538
1900,Oct,-0.429
1900,Nov,-0.196
1900,Dec,-0.633
1901,Jan,-0.54
1901,Feb,-0.868
1901,Mar,-0.72
1901,Apr,-0.514
1901,May,-0.553
1901,Jun,-0.618
1901,Jul,-0.713
1901,Aug,-0.825
1901,Sep,-1.029
1901,Oct,-0.774
1901,Nov,-0.741
1901,Dec,-0.681
1902,Jan,-0.473
1902,Feb,-0.453
1902,Mar,-0.251
1902,Apr,0.051
1902,May,-0.042
1902,Jun,-0.09
1902,Jul,-0.07
1902,Aug,0.333
1902,Sep,0.209
1902,Oct,-0.238
1902,Nov,-0.047
1902,Dec,-0.266
1903,Jan,-0.479
1903,Feb,-0.571
1903,Mar,-0.364
1903,Apr,-0.628
1903,May,-0.267
1903,Jun,-0.335
1903,Jul,-0.614
1903,Aug,-0.452
1903,Sep,-0.69
1903,Oct,-1.036
1903,Nov,-0.628
1903,Dec,-0.441
1904,Jan,-0.219
1904,Feb,-0.234
1904,Mar,-0.219
1904,Apr,-0.029
1904,May,-0.258
1904,Jun,-0.286
1904,Jul,-0.287
1904,Aug,-0.413
1904,Sep,-0.678
1904,Oct,-0.237
1904,Nov,-0.353
1904,Dec,-0.644
1905,Jan,-0.601
1905,Feb,-0.372
1905,Mar,-0.472
1905,Apr,-0.468
1905,May,-0.205
1905,Jun,-0.447
1905,Jul,-0.275
1905,Aug,-0.22
1905,Sep,0.024
1905,Oct,-0.462
1905,Nov,-0.436
1905,Dec,-0.56
1906,Jan,-0.605
1906,Feb,-0.485
1906,Mar,-0.51
1906,Apr,-0.788
1906,May,-0.425
1906,Jun,-0.39
1906,Jul,-0.986
1906,Aug,-1.085
1906,Sep,-1.634
1906,Oct,-1.012
1906,Nov,-0.794
1906,Dec,-0.349
1907,Jan,-0.37
1907,Feb,-0.185
1907,Mar,-0.051
1907,Apr,-0.367
1907,May,-0.308
1907,Jun,-0.345
1907,Jul,-0.602
1907,Aug,-0.933
1907,Sep,-0.526
1907,Oct,-0.403
1907,Nov,-0.388
1907,Dec,-0.221
1908,Jan,-0.392
1908,Feb,-0.35
1908,Mar,-0.251
1908,Apr,-0.789
1908,May,-0.229
1908,Jun,0.041
1908,Jul,-0.598
1908,Aug,-0.46
1908,Sep,-0.318
1908,Oct,-0.468
1908,Nov,-0.508
1908,Dec,-0.582
1909,Jan,-0.732
1909,Feb,-0.501
1909,Mar,-0.559
1909,Apr,-0.444
1909,May,-0.802
1909,Jun,-0.917
1909,Jul,-1.032
1909,Aug,-0.986
1909,Sep,-0.919
1909,Oct,-0.729
1909,Nov,-0.424
1909,Dec,-0.256
1910,Jan,-0.551
1910,Feb,-0.169
1910,Mar,-0.489
1910,Apr,-0.394
1910,May,-0.531
1910,Jun,-0.46
1910,Jul,-1.036
1910,Aug,-0.821
1910,Sep,-1.022
1910,Oct,-1.053
1910,Nov,-0.682
1910,Dec,-0.296
1911,Jan,-0.194
1911,Feb,-0.486
1911,Mar,-0.735
1911,Apr,-0.744
1911,May,-0.436
1911,Jun,-0.814
1911,Jul,-0.774
1911,Aug,-0.586
1911,Sep,-0.544
1911,Oct,-0.669
1911,Nov,-0.229
1911,Dec,-0.153
1912,Jan,-0.252
1912,Feb,-0.302
1912,Mar,-0.052
1912,Apr,-0.257
1912,May,-0.061
1912,Jun,-0.003
1912,Jul,-0.672
1912,Aug,-0.767
1912,Sep,-0.725
1912,Oct,-0.609
1912,Nov,-0.734
1912,Dec,-0.502
1913,Jan,-0.237
1913,Feb,-0.136
1913,Mar,-0.135
1913,Apr,-0.266
1913,May,-0.187
1913,Jun,0.101
1913,Jul,-0.338
1913,Aug,-0.482
1913,Sep,-0.468
1913,Oct,-0.135
1913,Nov,-0.24
1913,Dec,-0.248
1914,Jan,-0.288
1914,Feb,-0.172
1914,Mar,-0.353
1914,Apr,-0.238
1914,May,-0.106
1914,Jun,0.554
1914,Jul,0.102
1914,Aug,-0.024
1914,Sep,-0.066
1914,Oct,-0.057
1914,Nov,-0.558
1914,Dec,-0.712
1915,Jan,-0.63
1915,Feb,-0.688
1915,Mar,-0.403
1915,Apr,-0.28
1915,May,-0.495
1915,Jun,-0.202
1915,Jul,-0.704
1915,Aug,-0.44
1915,Sep,-0.377
1915,Oct,-0.316
1915,Nov,-0.227
1915,Dec,-0.026
1916,Jan,-0.13
1916,Feb,-0.03
1916,Mar,0.058
1916,Apr,0.138
1916,May,-0.156
1916,Jun,-0.398
1916,Jul,-0.686
1916,Aug,-0.852
1916,Sep,-1.268
1916,Oct,-0.97
1916,Nov,-0.706
1916,Dec,-0.28
1917,Jan,-0.03
1917,Feb,-0.046
1917,Mar,-0.092
1917,Apr,-0.236
1917,May,-0.408
1917,Jun,-0.341
1917,Jul,-0.591
1917,Aug,-0.435
1917,Sep,-0.872
1917,Oct,-1.064
1917,Nov,-0.897
1917,Dec,-0.67
1918,Jan,0.013
1918,Feb,0.135
1918,Mar,0.107
1918,Apr,-0.294
1918,May,-0.421
1918,Jun,-0.203
1918,Jul,-0.129
1918,Aug,-0.078
1918,Sep,-0.0
1918,Oct,0.152
1918,Nov,0.195
1918,Dec,0.057
1919,Jan,-0.027
1919,Feb,-0.117
1919,Mar,-0.27
1919,Apr,-0.407
1919,May,-0.399
1919,Jun,-0.356
1919,Jul,-0.176
1919,Aug,-0.319
1919,Sep,-0.22
1919,Oct,-0.349
1919,Nov,-0.262
1919,Dec,-0.406
1920,Jan,0.017
1920,Feb,0.055
1920,Mar,0.139
1920,Apr,0.058
1920,May,0.27
1920,Jun,-0.058
1920,Jul,-0.59
1920,Aug,-0.601
1920,Sep,-0.609
1920,Oct,-0.446
1920,Nov,-0.577
1920,Dec,-0.388
1921,Jan,-0.296
1921,Feb,-0.165
1921,Mar,-0.081
1921,Apr,-0.189
1921,May,-0.041
1921,Jun,-0.214
1921,Jul,-0.441
1921,Aug,-0.932
1921,Sep,-0.548
1921,Oct,-0.474
1921,Nov,-0.484
1921,Dec,-0.382
1922,Jan,-0.382
1922,Feb,-0.196
1922,Mar,0.079
1922,Apr,-0.39
1922,May,-0.376
1922,Jun,-0.068
1922,Jul,-0.548
1922,Aug,-0.415
1922,Sep,-0.511
1922,Oct,-0.529
1922,Nov,-0.547
1922,Dec,-0.304
1923,Jan,-0.204
1923,Feb,-0.413
1923,Mar,-0.282
1923,Apr,-0.239
1923,May,-0.311
1923,Jun,-0.102
1923,Jul,-0.403
1923,Aug,-0.001
1923,Sep,0.241
1923,Oct,0.276
1923,Nov,0.448
1923,Dec,-0.202
1924,Jan,-0.434
1924,Feb,-0.597
1924,Mar,-0.428
1924,Apr,-0.267
1924,May,-0.415
1924,Jun,-0.447
1924,Jul,-0.395
1924,Aug,-0.418
1924,Sep,-0.652
1924,Oct,-0.209
1924,Nov,-0.409
1924,Dec,-0.365
1925,Jan,-0.317
1925,Feb,-0.028
1925,Mar,-0.008
1925,Apr,0.482
1925,May,-0.043
1925,Jun,0.081
1925,Jul,-0.167
1925,Aug,-0.04
1925,Sep,0.389
1925,Oct,0.103
1925,Nov,0.118
1925,Dec,-0.152
1926,Jan,-0.004
1926,Feb,-0.359
1926,Mar,-0.041
1926,Apr,-0.247
1926,May,-0.085
1926,Jun,0.147
1926,Jul,-0.231
1926,Aug,-0.006
1926,Sep,-0.405
1926,Oct,-0.115
1926,Nov,-0.49
1926,Dec,-0.422
1927,Jan,-0.201
1927,Feb,0.042
1927,Mar,-0.202
1927,Apr,-0.398
1927,May,-0.256
1927,Jun,-0.168
1927,Jul,-0.575
1927,Aug,-0.611
1927,Sep,-0.664
1927,Oct,-0.602
1927,Nov,-0.287
1927,Dec,-0.378
1928,Jan,-0.377
1928,Feb,-0.36
1928,Mar,-0.277
1928,Apr,-0.313
1928,May,-0.268
1928,Jun,-0.465
1928,Jul,-0.64
1928,Aug,-0.891
1928,Sep,-0.87
1928,Oct,-0.733
1928,Nov,-0.206
1928,Dec,-0.372
1929,Jan,-0.284
1929,Feb,-0.362
1929,Mar,-0.238
1929,Apr,-0.222
1929,May,-0.361
1929,Jun,-0.246
1929,Jul,-0.388
1929,Aug,-0.487
1929,Sep,-0.305
1929,Oct,-0.356
1929,Nov,-0.281
1929,Dec,-0.024
1930,Jan,-0.423
1930,Feb,-0.513
1930,Mar,-0.32
1930,Apr,-0.245
1930,May,-0.445
1930,Jun,-0.138
1930,Jul,-0.405
1930,Aug,-0.33
1930,Sep,-0.802
1930,Oct,-0.417
1930,Nov,0.112
1930,Dec,-0.114
1931,Jan,-0.057
1931,Feb,-0.334
1931,Mar,-0.548
1931,Apr,-0.525
1931,May,-0.258
1931,Jun,-0.28
1931,Jul,-0.413
1931,Aug,-0.502
1931,Sep,-1.01
1931,Oct,-0.597
1931,Nov,-0.184
1931,Dec,-0.812
1932,Jan,-0.426
1932,Feb,-0.58
1932,Mar,-0.438
1932,Apr,-0.125
1932,May,-0.378
1932,Jun,-0.396
1932,Jul,-0.245
1932,Aug,-0.489
1932,Sep,-0.403
1932,Oct,-0.729
1932,Nov,-0.314
1932,Dec,-0.033
1933,Jan,-0.189
1933,Feb,-0.092
1933,Mar,0.039
1933,Apr,0.178
1933,May,-0.344
1933,Jun,-0.307
1933,Jul,-0.469
1933,Aug,-0.631
1933,Sep,-1.567
1933,Oct,-0.985
1933,Nov,-0.604
1933,Dec,-0.472
1934,Jan,-0.611
1934,Feb,-0.251
1934,Mar,-0.166
1934,Apr,-0.134
1934,May,-0.2
1934,Jun,-0.016
1934,Jul,-0.325
1934,Aug,-0.012
1934,Sep,-0.497
1934,Oct,-0.322
1934,Nov,-0.155
1934,Dec,-0.159
1935,Jan,0.007
1935,Feb,-0.055
1935,Mar,0.119
1935,Apr,-0.216
1935,May,0.063
1935,Jun,0.091
1935,Jul,0.052
1935,Aug,-0.024
1935,Sep,-0.247
1935,Oct,-0.304
1935,Nov,0.119
1935,Dec,0.022
1936,Jan,0.086
1936,Feb,-0.389
1936,Mar,-0.211
1936,Apr,-0.069
1936,May,-0.192
1936,Jun,0.064
1936,Jul,-0.073
1936,Aug,-0.438
1936,Sep,-0.446
1936,Oct,-0.691
1936,Nov,-0.063
1936,Dec,-0.318
1937,Jan,-0.113
1937,Feb,-0.231
1937,Mar,-0.256
1937,Apr,-0.402
1937,May,0.042
1937,Jun,-0.297
1937,Jul,-0.546
1937,Aug,-0.252
1937,Sep,-0.091
1937,Oct,-0.304
1937,Nov,-0.115
1937,Dec,-0.138
1938,Jan,-0.084
1938,Feb,-0.217
1938,Mar,0.009
1938,Apr,-0.345
1938,May,0.016
1938,Jun,-0.408
1938,Jul,-0.621
1938,Aug,-0.15
1938,Sep,-0.458
1938,Oct,-0.611
1938,Nov,-0.712
1938,Dec,-0.541
1939,Jan,-0.125
1939,Feb,0.209
1939,Mar,0.021
1939,Apr,-0.266
1939,May,-0.337
1939,Jun,-0.178
1939,Jul,-0.405
1939,Aug,-0.46
1939,Sep,-0.285
1939,Oct,-0.19
1939,Nov,-0.319
1939,Dec,-0.106
1940,Jan,0.08
1940,Feb,-0.224
1940,Mar,-0.477
1940,Apr,-0.492
1940,May,-0.459
1940,Jun,-0.028
1940,Jul,-0.364
1940,Aug,-0.253
1940,Sep,-0.39
1940,Oct,-0.472
1940,Nov,-0.341
1940,Dec,-0.315
1941,Jan,-0.362
1941,Feb,-0.619
1941,Mar,-0.261
1941,Apr,-0.277
1941,May,-0.269
1941,Jun,-0.376
1941,Jul,-0.429
1941,Aug,-0.419
1941,Sep,-0.333
1941,Oct,-0.189
1941,Nov,0.274
1941,Dec,-0.182
1942,Jan,-0.194
1942,Feb,-0.298
1942,Mar,-0.25
1942,Apr,-0.41
1942,May,-0.599
1942,Jun,-0.944
1942,Jul,-0.697
1942,Aug,-1.1
1942,Sep,-0.946
1942,Oct,-0.588
1942,Nov,-0.598
1942,Dec,-0.559
1943,Jan,-0.49
1943,Feb,-0.248
1943,Mar,-0.305
1943,Apr,-0.225
1943,May,-0.188
1943,Jun,0.151
1943,Jul,0.095
1943,Aug,0.035
1943,Sep,-0.648
1943,Oct,-0.536
1943,Nov,-0.388
1943,Dec,-0.386
1944,Jan,-0.154
1944,Feb,0.247
1944,Mar,-0.177
1944,Apr,-0.241
1944,May,0.283
1944,Jun,-0.114
1944,Jul,0.053
1944,Aug,0.051
1944,Sep,0.001
1944,Oct,-0.6
1944,Nov,-0.249
1944,Dec,0.179
1945,Jan,-0.14
1945,Feb,0.09
1945,Mar,0.205
1945,Apr,-0.33
1945,May,-0.572
1945,Jun,-0.563
1945,Jul,-0.524
1945,Aug,-0.656
1945,Sep,-0.594
1945,Oct,-0.513
1945,Nov,-0.324
1945,Dec,-0.328
1946,Jan,0.068
1946,Feb,-0.014
1946,Mar,-0.226
1946,Apr,-0.557
1946,May,0.297
1946,Jun,-0.33
1946,Jul,-0.159
1946,Aug,0.165
1946,Sep,-0.072
1946,Oct,-0.178
1946,Nov,-0.026
1946,Dec,-0.25
1947,Jan,-0.288
1947,Feb,0.029
1947,Mar,0.0
1947,Apr,-0.186
1947,May,0.104
1947,Jun,-0.066
1947,Jul,-0.633
1947,Aug,-0.659
1947,Sep,-0.97
1947,Oct,-0.824
1947,Nov,-0.319
1947,Dec,-0.265
1948,Jan,-0.298
1948,Feb,-0.155
1948,Mar,0.024
1948,Apr,-0.103
1948,May,-0.085
1948,Jun,0.059
1948,Jul,-0.268
1948,Aug,-0.462
1948,Sep,-0.648
1948,Oct,-0.292
1948,Nov,-0.379
1948,Dec,-0.506
1949,Jan,0.027
1949,Feb,0.177
1949,Mar,-0.121
1949,Apr,0.165
1949,May,-0.091
1949,Jun,-0.009
1949,Jul,-0.009
1949,Aug,0.011
1949,Sep,-0.09
1949,Oct,-0.124
1949,Nov,-0.396
1949,Dec,-0.331
1950,Jan,-0.044
1950,Feb,-0.554
1950,Mar,-0.692
1950,Apr,-0.475
1950,May,-0.309
1950,Jun,-0.494
1950,Jul,-0.348
1950,Aug,-0.22
1950,Sep,-0.631
1950,Oct,-0.59
1950,Nov,-0.227
1950,Dec,-0.027
1951,Jan,0.256
1951,Feb,0.211
1951,Mar,0.259
1951,Apr,-0.513
1951,May,-0.138
1951,Jun,-0.19
1951,Jul,-0.22
1951,Aug,0.124
1951,Sep,-0.005
1951,Oct,-0.168
1951,Nov,0.123
1951,Dec,-0.073
1952,Jan,-0.069
1952,Feb,0.08
1952,Mar,0.126
1952,Apr,0.073
1952,May,-0.148
1952,Jun,0.02
1952,Jul,-0.43
1952,Aug,-0.463
1952,Sep,-0.607
1952,Oct,-0.546
1952,Nov,-0.171
1952,Dec,-0.03
1953,Jan,0.304
1953,Feb,0.285
1953,Mar,0.188
1953,Apr,-0.054
1953,May,0.316
1953,Jun,-0.113
1953,Jul,-0.178
1953,Aug,-0.231
1953,Sep,-0.24
1953,Oct,-0.312
1953,Nov,-0.136
1953,Dec,-0.119
1954,Jan,-0.339
1954,Feb,-0.271
1954,Mar,-0.162
1954,Apr,-0.009
1954,May,-0.55
1954,Jun,-0.504
1954,Jul,-0.855
1954,Aug,-0.631
1954,Sep,-0.718
1954,Oct,-0.836
1954,Nov,-0.45
1954,Dec,-0.053
1955,Jan,-0.049
1955,Feb,-0.153
1955,Mar,0.019
1955,Apr,-0.044
1955,May,-0.695
1955,Jun,-0.387
1955,Jul,-0.439
1955,Aug,-0.43
1955,Sep,-0.738
1955,Oct,-0.73
1955,Nov,-0.269
1955,Dec,-0.3
1956,Jan,-0.101
1956,Feb,-0.021
1956,Mar,-0.001
1956,Apr,-0.3
1956,May,-0.57
1956,Jun,-0.826
1956,Jul,-1.083
1956,Aug,-0.772
1956,Sep,-0.803
1956,Oct,-0.672
1956,Nov,-0.516
1956,Dec,-0.151
1957,Jan,-0.437
1957,Feb,-0.564
1957,Mar,-0.197
1957,Apr,-0.3
1957,May,-0.326
1957,Jun,-0.465
1957,Jul,-0.488
1957,Aug,-0.266
1957,Sep,-0.383
1957,Oct,-0.523
1957,Nov,-0.482
1957,Dec,-0.25
1958,Jan,-0.396
1958,Feb,-0.234
1958,Mar,-0.374
1958,Apr,-0.348
1958,May,-0.496
1958,Jun,-0.854
1958,Jul,-1.063
1958,Aug,-1.26
1958,Sep,-1.303
1958,Oct,-0.966
1958,Nov,-0.674
1958,Dec,-0.639
1959,Jan,-0.027
1959,Feb,-0.531
1959,Mar,-0.524
1959,Apr,-0.357
1959,May,-0.742
1959,Jun,-0.745
1959,Jul,-0.667
1959,Aug,-0.913
1959,Sep,-0.839
1959,Oct,-0.586
1959,Nov,-0.574
1959,Dec,-0.357
1960,Jan,-0.236
1960,Feb,-0.043
1960,Mar,-0.433
1960,Apr,-0.745
1960,May,-0.738
1960,Jun,-0.681
1960,Jul,-0.734
1960,Aug,-0.584
1960,Sep,-0.582
1960,Oct,-0.906
1960,Nov,-0.811
1960,Dec,-0.641
1961,Jan,-0.144
1961,Feb,-0.08
1961,Mar,-0.122
1961,Apr,-0.612
1961,May,-0.438
1961,Jun,-0.006
1961,Jul,0.63
1961,Aug,0.776
1961,Sep,0.554
1961,Oct,0.457
1961,Nov,0.323
1961,Dec,0.311
1962,Jan,0.512
1962,Feb,0.544
1962,Mar,0.356
1962,Apr,-0.019
1962,May,-0.385
1962,Jun,-0.458
1962,Jul,-0.468
1962,Aug,-0.303
1962,Sep,-0.186
1962,Oct,-0.327
1962,Nov,-0.213
1962,Dec,-0.071
1963,Jan,0.329
1963,Feb,0.395
1963,Mar,0.201
1963,Apr,-0.061
1963,May,-0.324
1963,Jun,-0.248
1963,Jul,0.212
1963,Aug,0.473
1963,Sep,0.081
1963,Oct,0.432
1963,Nov,0.319
1963,Dec,-0.059
1964,Jan,-0.461
1964,Feb,-0.692
1964,Mar,-0.312
1964,Apr,-0.224
1964,May,-0.52
1964,Jun,-0.344
1964,Jul,-0.829
1964,Aug,-0.683
1964,Sep,-0.981
1964,Oct,-1.027
1964,Nov,-0.284
1964,Dec,-0.182
1965,Jan,-0.331
1965,Feb,-0.447
1965,Mar,-0.186
1965,Apr,-0.285
1965,May,-0.54
1965,Jun,-0.487
1965,Jul,-0.473
1965,Aug,-0.247
1965,Sep,-0.197
1965,Oct,0.017
1965,Nov,-0.225
1965,Dec,-0.29
1966,Jan,-0.232
1966,Feb,-0.163
1966,Mar,-0.341
1966,Apr,-0.435
1966,May,-0.423
1966,Jun,-0.119
1966,Jul,-0.004
1966,Aug,0.129
1966,Sep,0.102
1966,Oct,-0.304
1966,Nov,-0.361
1966,Dec,-0.236
1967,Jan,-0.236
1967,Feb,-0.073
1967,Mar,0.248
1967,Apr,-0.263
1967,May,-0.165
1967,Jun,0.044
1967,Jul,0.14
1967,Aug,0.13
1967,Sep,0.145
1967,Oct,0.159
1967,Nov,0.023
1967,Dec,0.054
1968,Jan,0.213
1968,Feb,0.334
1968,Mar,0.154
1968,Apr,0.073
1968,May,-0.123
1968,Jun,0.091
1968,Jul,-0.521
1968,Aug,-0.455
1968,Sep,-0.734
1968,Oct,-0.531
1968,Nov,-0.454
1968,Dec,-0.213
1969,Jan,-0.162
1969,Feb,-0.164
1969,Mar,0.06
1969,Apr,-0.051
1969,May,-0.166
1969,Jun,-0.626
1969,Jul,-0.407
1969,Aug,-0.35
1969,Sep,-0.248
1969,Oct,-0.2
1969,Nov,-0.004
1969,Dec,-0.085
1970,Jan,0.297
1970,Feb,0.326
1970,Mar,0.068
1970,Apr,0.219
1970,May,0.182
1970,Jun,-0.385
1970,Jul,-0.57
1970,Aug,-0.351
1970,Sep,-0.6
1970,Oct,-0.638
1970,Nov,-0.307
1970,Dec,-0.235
1971,Jan,0.198
1971,Feb,0.013
1971,Mar,0.208
1971,Apr,0.24
1971,May,-0.074
1971,Jun,-0.236
1971,Jul,-0.354
1971,Aug,-0.547
1971,Sep,-0.746
1971,Oct,-0.629
1971,Nov,0.017
1971,Dec,0.215
1972,Jan,0.143
1972,Feb,-0.216
1972,Mar,0.031
1972,Apr,0.131
1972,May,0.157
1972,Jun,0.739
1972,Jul,0.708
1972,Aug,0.511
1972,Sep,0.363
1972,Oct,0.327
1972,Nov,0.671
1972,Dec,0.477
1973,Jan,0.043
1973,Feb,-0.077
1973,Mar,-0.001
1973,Apr,-0.117
1973,May,0.085
1973,Jun,-0.225
1973,Jul,-0.495
1973,Aug,-0.607
1973,Sep,-0.773
1973,Oct,-0.449
1973,Nov,-0.157
1973,Dec,0.047
1974,Jan,0.279
1974,Feb,0.156
1974,Mar,0.249
1974,Apr,-0.053
1974,May,-0.239
1974,Jun,-0.027
1974,Jul,-0.249
1974,Aug,-0.497
1974,Sep,-0.661
1974,Oct,-0.845
1974,Nov,-0.551
1974,Dec,-0.36
1975,Jan,-0.367
1975,Feb,-0.249
1975,Mar,-0.464
1975,Apr,0.087
1975,May,0.066
1975,Jun,0.055
1975,Jul,-0.039
1975,Aug,-0.344
1975,Sep,-0.857
1975,Oct,-1.056
1975,Nov,-0.328
1975,Dec,-0.17
1976,Jan,0.005
1976,Feb,0.077
1976,Mar,0.02
1976,Apr,0.122
1976,May,-0.004
1976,Jun,0.369
1976,Jul,0.594
1976,Aug,0.107
1976,Sep,-0.208
1976,Oct,-0.231
1976,Nov,-0.181
1976,Dec,0.028
1977,Jan,-0.003
1977,Feb,-0.261
1977,Mar,0.174
1977,Apr,-0.029
1977,May,-0.341
1977,Jun,-0.095
1977,Jul,-0.171
1977,Aug,-0.26
1977,Sep,-0.259
1977,Oct,0.245
1977,Nov,-0.127
1977,Dec,-0.02
1978,Jan,-0.64
1978,Feb,-0.53
1978,Mar,-0.582
1978,Apr,-0.214
1978,May,-0.533
1978,Jun,-0.174
1978,Jul,-0.107
1978,Aug,-0.224
1978,Sep,-0.261
1978,Oct,-0.502
1978,Nov,-0.458
1978,Dec,-0.26
1979,Jan,0.317
1979,Feb,-0.158
1979,Mar,-0.034
1979,Apr,-0.207
1979,May,-0.444
1979,Jun,0.108
1979,Jul,-0.315
1979,Aug,-0.226
1979,Sep,-0.28
1979,Oct,-0.314
1979,Nov,-0.251
1979,Dec,-0.101
1980,Jan,-0.158
1980,Feb,-0.2
1980,Mar,-0.417
1980,Apr,-0.095
1980,May,-0.066
1980,Jun,-0.382
1980,Jul,-0.661
1980,Aug,-0.822
1980,Sep,-0.745
1980,Oct,-0.657
1980,Nov,-0.417
1980,Dec,-0.483
1981,Jan,-0.201
1981,Feb,-0.024
1981,Mar,0.027
1981,Apr,0.092
1981,May,-0.018
1981,Jun,-0.24
1981,Jul,-0.56
1981,Aug,-0.628
1981,Sep,-0.757
1981,Oct,-0.606
1981,Nov,-0.328
1981,Dec,-0.019
1982,Jan,0.144
1982,Feb,0.166
1982,Mar,0.054
1982,Apr,0.119
1982,May,0.223
1982,Jun,0.255
1982,Jul,0.265
1982,Aug,0.256
1982,Sep,0.442
1982,Oct,0.623
1982,Nov,0.284
1982,Dec,-0.162
1983,Jan,-0.482
1983,Feb,-0.587
1983,Mar,-0.752
1983,Apr,-0.556
1983,May,-0.059
1983,Jun,0.371
1983,Jul,0.525
1983,Aug,0.345
1983,Sep,-0.069
1983,Oct,-0.288
1983,Nov,-0.343
1983,Dec,-0.101
1984,Jan,-0.223
1984,Feb,-0.149
1984,Mar,-0.122
1984,Apr,0.05
1984,May,-0.305
1984,Jun,-0.357
1984,Jul,-0.366
1984,Aug,-0.498
1984,Sep,-0.608
1984,Oct,-0.654
1984,Nov,-0.418
1984,Dec,-0.278
1985,Jan,-0.466
1985,Feb,-0.627
1985,Mar,-0.541
1985,Apr,-0.2
1985,May,-0.223
1985,Jun,-0.629
1985,Jul,-0.403
1985,Aug,-0.459
1985,Sep,-0.238
1985,Oct,-0.498
1985,Nov,0.074
1985,Dec,-0.417
1986,Jan,-0.113
1986,Feb,-0.135
1986,Mar,-0.2
1986,Apr,-0.286
1986,May,-0.154
1986,Jun,-0.278
1986,Jul,-0.546
1986,Aug,-0.401
1986,Sep,-0.142
1986,Oct,-0.048
1986,Nov,-0.244
1986,Dec,-0.274
1987,Jan,-0.081
1987,Feb,0.041
1987,Mar,-0.137
1987,Apr,-0.157
1987,May,0.165
1987,Jun,0.109
1987,Jul,0.207
1987,Aug,0.297
1987,Sep,0.393
1987,Oct,0.255
1987,Nov,-0.051
1987,Dec,0.152
1988,Jan,0.353
1988,Feb,-0.154
1988,Mar,-0.313
1988,Apr,-0.128
1988,May,-0.513
1988,Jun,-0.272
1988,Jul,-0.15
1988,Aug,-0.289
1988,Sep,-0.394
1988,Oct,-0.525
1988,Nov,-0.183
1988,Dec,0.156
1989,Jan,-0.281
1989,Feb,-0.045
1989,Mar,-0.319
1989,Apr,-0.48
1989,May,-0.594
1989,Jun,-0.78
1989,Jul,-0.447
1989,Aug,-0.321
1989,Sep,-0.225
1989,Oct,-0.412
1989,Nov,-0.338
1989,Dec,-0.167
1990,Jan,-0.099
1990,Feb,-0.289
1990,Mar,-0.143
1990,Apr,-0.385
1990,May,-0.348
1990,Jun,-0.568
1990,Jul,-0.246
1990,Aug,-0.392
1990,Sep,-0.183
1990,Oct,-0.345
1990,Nov,-0.094
1990,Dec,0.003
1991,Jan,0.065
1991,Feb,-0.097
1991,Mar,-0.037
1991,Apr,0.289
1991,May,0.379
1991,Jun,0.263
1991,Jul,0.27
1991,Aug,0.058
1991,Sep,0.099
1991,Oct,-0.03
1991,Nov,0.04
1991,Dec,0.084
1992,Jan,-0.321
1992,Feb,-0.389
1992,Mar,-0.671
1992,Apr,-0.553
1992,May,-0.549
1992,Jun,-0.861
1992,Jul,-0.479
1992,Aug,-0.768
1992,Sep,-0.833
1992,Oct,-0.627
1992,Nov,-0.399
1992,Dec,-0.317
1993,Jan,-0.196
1993,Feb,0.035
1993,Mar,-0.295
1993,Apr,-0.181
1993,May,-0.027
1993,Jun,-0.108
1993,Jul,-0.152
1993,Aug,-0.305
1993,Sep,-0.17
1993,Oct,-0.156
1993,Nov,-0.149
1993,Dec,-0.206
1994,Jan,0.025
1994,Feb,-0.146
1994,Mar,0.202
1994,Apr,0.351
1994,May,0.544
1994,Jun,0.433
1994,Jul,0.557
1994,Aug,0.811
1994,Sep,0.529
1994,Oct,0.707
1994,Nov,0.287
1994,Dec,0.263
1995,Jan,0.14
1995,Feb,0.164
1995,Mar,-0.05
1995,Apr,-0.221
1995,May,-0.251
1995,Jun,-0.078
1995,Jul,-0.169
1995,Aug,-0.144
1995,Sep,-0.18
1995,Oct,-0.367
1995,Nov,-0.294
1995,Dec,0.09
1996,Jan,-0.021
1996,Feb,-0.033
1996,Mar,-0.085
1996,Apr,-0.369
1996,May,-0.266
1996,Jun,-0.394
1996,Jul,-0.643
1996,Aug,-0.681
1996,Sep,-0.712
1996,Oct,-1.108
1996,Nov,-0.797
1996,Dec,-0.413
1997,Jan,-0.11
1997,Feb,0.079
1997,Mar,0.043
1997,Apr,0.054
1997,May,0.025
1997,Jun,0.082
1997,Jul,0.447
1997,Aug,0.634
1997,Sep,0.771
1997,Oct,0.873
1997,Nov,1.279
1997,Dec,0.863
1998,Jan,0.525
1998,Feb,0.422
1998,Mar,-0.055
1998,Apr,0.047
1998,May,0.14
1998,Jun,0.147
1998,Jul,-0.385
1998,Aug,-0.58
1998,Sep,-0.496
1998,Oct,-0.743
1998,Nov,-0.653
1998,Dec,-0.336
1999,Jan,-0.13
1999,Feb,-0.038
1999,Mar,0.102
1999,Apr,-0.002
1999,May,-0.186
1999,Jun,-0.145
1999,Jul,0.112
1999,Aug,0.023
1999,Sep,-0.05
1999,Oct,-0.19
1999,Nov,-0.116
1999,Dec,-0.148
2000,Jan,-0.125
2000,Feb,-0.009
2000,Mar,0.14
2000,Apr,0.141
2000,May,0.113
2000,Jun,-0.022
2000,Jul,0.077
2000,Aug,0.131
2000,Sep,-0.096
2000,Oct,-0.142
2000,Nov,-0.306
2000,Dec,-0.248
2001,Jan,-0.431
2001,Feb,-0.017
2001,Mar,-0.01
2001,Apr,0.136
2001,May,0.137
2001,Jun,0.127
2001,Jul,-0.14
2001,Aug,-0.301
2001,Sep,-0.223
2001,Oct,-0.451
2001,Nov,-0.245
2001,Dec,-0.051
2002,Jan,-0.142
2002,Feb,-0.098
2002,Mar,0.008
2002,Apr,-0.352
2002,May,-0.329
2002,Jun,-0.19
2002,Jul,-0.26
2002,Aug,-0.208
2002,Sep,0.286
2002,Oct,0.405
2002,Nov,0.096
2002,Dec,-0.158
2003,Jan,-0.239
2003,Feb,0.017
2003,Mar,-0.039
2003,Apr,-0.099
2003,May,-0.164
2003,Jun,0.139
2003,Jul,0.131
2003,Aug,0.108
2003,Sep,-0.061
2003,Oct,-0.243
2003,Nov,-0.159
2003,Dec,0.189
2004,Jan,0.044
2004,Feb,0.114
2004,Mar,0.077
2004,Apr,-0.08
2004,May,-0.565
2004,Jun,-0.384
2004,Jul,-0.301
2004,Aug,-0.132
2004,Sep,-0.106
2004,Oct,-0.004
2004,Nov,-0.153
2004,Dec,-0.132
2005,Jan,-0.124
2005,Feb,-0.56
2005,Mar,-0.432
2005,Apr,0.084
2005,May,-0.033
2005,Jun,-0.176
2005,Jul,-0.384
2005,Aug,-0.345
2005,Sep,-0.534
2005,Oct,-0.436
2005,Nov,-0.272
2005,Dec,-0.3
2006,Jan,-0.135
2006,Feb,-0.305
2006,Mar,-0.226
2006,Apr,-0.015
2006,May,-0.207
2006,Jun,-0.059
2006,Jul,0.04
2006,Aug,0.229
2006,Sep,0.428
2006,Oct,0.577
2006,Nov,0.501
2006,Dec,0.172
2007,Jan,0.224
2007,Feb,0.15
2007,Mar,0.116
2007,Apr,0.1
2007,May,0.27
2007,Jun,0.03
2007,Jul,0.045
2007,Aug,0.236
2007,Sep,0.235
2007,Oct,0.068
2007,Nov,-0.023
2007,Dec,-0.227
2008,Jan,0.115
2008,Feb,-0.072
2008,Mar,0.097
2008,Apr,-0.153
2008,May,0.178
2008,Jun,0.215
2008,Jul,0.246
2008,Aug,0.124
2008,Sep,0.086
2008,Oct,0.029
2008,Nov,-0.128
2008,Dec,-0.053
2009,Jan,0.031
2009,Feb,0.163
2009,Mar,0.1
2009,Apr,0.126
2009,May,0.256
2009,Jun,0.1
2009,Jul,-0.192
2009,Aug,-0.104
2009,Sep,-0.103
2009,Oct,-0.013
2009,Nov,-0.067
2009,Dec,0.16
2010,Jan,0.294
2010,Feb,0.023
2010,Mar,0.458
2010,Apr,0.37
2010,May,-0.03
2010,Jun,-0.14
2010,Jul,-0.001
2010,Aug,-0.062
2010,Sep,-0.268
2010,Oct,-0.437
2010,Nov,-0.495
2010,Dec,-0.212
2011,Jan,0.192
2011,Feb,0.242
2011,Mar,0.367
2011,Apr,0.154
2011,May,-0.089
2011,Jun,0.055
2011,Jul,0.223
2011,Aug,0.344
2011,Sep,0.202
2011,Oct,0.356
2011,Nov,0.336
2011,Dec,-0.128
2012,Jan,0.046
2012,Feb,-0.078
2012,Mar,0.026
2012,Apr,-0.271
2012,May,-0.37
2012,Jun,0.001
2012,Jul,0.546
2012,Aug,0.652
2012,Sep,0.453
2012,Oct,0.11
2012,Nov,-0.1
2012,Dec,0.268
2013,Jan,-0.065
2013,Feb,0.189
2013,Mar,0.083
2013,Apr,-0.297
2013,May,-0.506
2013,Jun,-0.497
2013,Jul,-0.18
2013,Aug,-0.194
2013,Sep,-0.31
2013,Oct,-0.168
2013,Nov,0.199
2013,Dec,0.141
2014,Jan,-0.101
2014,Feb,-0.089
2014,Mar,-0.151
2014,Apr,-0.058
2014,May,-0.092
2014,Jun,-0.028
2014,Jul,-0.363
2014,Aug,-0.372
2014,Sep,-0.145
2014,Oct,0.141
2014,Nov,0.01
2014,Dec,0.046
2015,Jan,-0.1
2015,Feb,-0.345
2015,Mar,-0.241
2015,Apr,-0.008
2015,May,0.24
2015,Jun,0.296
2015,Jul,0.225
2015,Aug,0.567
2015,Sep,0.294
2015,Oct,0.483
2015,Nov,0.347
2015,Dec,0.272
2016,Jan,0.266
2016,Feb,-0.11
2016,Mar,-0.009
2016,Apr,0.146
2016,May,-0.113
2016,Jun,-0.443
2016,Jul,-0.758
2016,Aug,-0.444
2016,Sep,-0.437
2016,Oct,-0.372
2016,Nov,-0.382
2016,Dec,-0.31
2017,Jan,-0.086
2017,Feb,0.101
2017,Mar,0.357
2017,Apr,0.499
2017,May,0.536
2017,Jun,0.424
2017,Jul,0.52
2017,Aug,0.349
2017,Sep,0.034
2017,Oct,0.016
2017,Nov,0.289
2017,Dec,0.109
2018,Jan,-0.2
2018,Feb,0.215
2018,Mar,-0.12
2018,Apr,-0.083
2018,May,0.122
2018,Jun,0.155
2018,Jul,0.053
2018,Aug,0.122
2018,Sep,0.604
2018,Oct,0.685
2018,Nov,0.5
2018,Dec,0.309
2019,Jan,0.387
2019,Feb,0.416
2019,Mar,0.224
2019,Apr,0.258
2019,May,0.539
2019,Jun,0.605
2019,Jul,0.597
2019,Aug,0.436
2019,Sep,0.893
2019,Oct,0.964
2019,Nov,0.835
2019,Dec,0.243
2020,Jan,0.173
2020,Feb,0.054
2020,Mar,0.019
2020,Apr,-0.011
2020,May,0.298
2020,Jun,0.454
2020,Jul,0.32
2020,Aug,-0.183
2020,Sep,-0.19
2020,Oct,0.074
2020,Nov,0.02
2020,Dec,0.03
2021,Jan,0.051
2021,Feb,0.243
2021,Mar,0.266
2021,Apr,0.25
2021,May,0.009
2021,Jun,-0.002
2021,Jul,-0.228
2021,Aug,-0.099
2021,Sep,-0.058
2021,Oct,-0.091
2021,Nov,0.069
2021,Dec,-0.12
2022,Jan,-0.056
2022,Feb,-0.083
2022,Mar,-0.093
2022,Apr,-0.068
2022,May,-0.122
2022,Jun,-0.335
2022,Jul,-0.195
2022,Aug,-0.246
2022,Sep,-0.322
2022,Oct,-0.691
2022,Nov,-0.269
2022,Dec,-0.092
2023,Jan,0.109
2023,Feb,0.157
2023,Mar,0.415
2023,Apr,0.56
2023,May,0.443
2023,Jun,0.665
2023,Jul,0.498
2023,Aug,0.825
2023,Sep,0.946
2023,Oct,0.804
2023,Nov,0.92
2023,Dec,0.851
2024,Jan,0.765
2024,Feb,0.328
2024,Mar,0.421
2024,Apr,0.44
2024,May,0.297
2024,Jun,0.197
2024,Jul,0.033
2024,Aug,0.267
2024,Sep,0.115
2024,Oct,-0.196
2024,Nov,-0.383
2024,Dec,-0.331
2025,Jan,-0.196
2025,Feb,0.017
2025,Mar,0.059
2025,Apr,0.149
2025,May,
2025,Jun,
2025,Jul,
2025,Aug,
2025,Sep,
2025,Oct,
2025,Nov,
2025,Dec,
